Id,TotalSleepRecords,TotalMinutesAsleep,TotalTimeInBed,date,hours_asleep,hours_in_bed,sleep_efficiency,day_of_week,is_weekend,sleep_category
1503960366,1,327,346,2016-04-12,5.45,5.77,0.945,Tuesday,False,Under 6h
1503960366,2,384,407,2016-04-13,6.4,6.78,0.943,Wednesday,False,6-9h (recommended)
1503960366,1,412,442,2016-04-15,6.87,7.37,0.932,Friday,False,6-9h (recommended)
1503960366,2,340,367,2016-04-16,5.67,6.12,0.926,Saturday,True,Under 6h
1503960366,1,700,712,2016-04-17,11.67,11.87,0.983,Sunday,True,Over 9h
1503960366,1,304,320,2016-04-19,5.07,5.33,0.95,Tuesday,False,Under 6h
1503960366,1,360,377,2016-04-20,6.0,6.28,0.955,Wednesday,False,6-9h (recommended)
1503960366,1,325,364,2016-04-21,5.42,6.07,0.893,Thursday,False,Under 6h
1503960366,1,361,384,2016-04-23,6.02,6.4,0.94,Saturday,True,6-9h (recommended)
1503960366,1,430,449,2016-04-24,7.17,7.48,0.958,Sunday,True,6-9h (recommended)
1503960366,1,277,323,2016-04-25,4.62,5.38,0.858,Monday,False,Under 6h
1503960366,1,245,274,2016-04-26,4.08,4.57,0.894,Tuesday,False,Under 6h
1503960366,1,366,393,2016-04-28,6.1,6.55,0.931,Thursday,False,6-9h (recommended)
1503960366,1,341,354,2016-04-29,5.68,5.9,0.963,Friday,False,Under 6h
1503960366,1,404,425,2016-04-30,6.73,7.08,0.951,Saturday,True,6-9h (recommended)
1503960366,1,369,396,2016-05-01,6.15,6.6,0.932,Sunday,True,6-9h (recommended)
1503960366,1,277,309,2016-05-02,4.62,5.15,0.896,Monday,False,Under 6h
1503960366,1,273,296,2016-05-03,4.55,4.93,0.922,Tuesday,False,Under 6h
1503960366,1,247,264,2016-05-05,4.12,4.4,0.936,Thursday,False,Under 6h
1503960366,1,334,367,2016-05-06,5.57,6.12,0.91,Friday,False,Under 6h
1503960366,1,331,349,2016-05-07,5.52,5.82,0.948,Saturday,True,Under 6h
1503960366,1,594,611,2016-05-08,9.9,10.18,0.972,Sunday,True,Over 9h
1503960366,1,338,342,2016-05-09,5.63,5.7,0.988,Monday,False,Under 6h
1503960366,1,383,403,2016-05-10,6.38,6.72,0.95,Tuesday,False,6-9h (recommended)
1503960366,1,285,306,2016-05-11,4.75,5.1,0.931,Wednesday,False,Under 6h
1644430081,1,119,127,2016-04-29,1.98,2.12,0.937,Friday,False,Under 6h
1644430081,1,124,142,2016-04-30,2.07,2.37,0.873,Saturday,True,Under 6h
1644430081,1,796,961,2016-05-02,13.27,16.02,0.828,Monday,False,Over 9h
1644430081,1,137,154,2016-05-08,2.28,2.57,0.89,Sunday,True,Under 6h
1844505072,1,644,961,2016-04-15,10.73,16.02,0.67,Friday,False,Over 9h
1844505072,1,722,961,2016-04-30,12.03,16.02,0.751,Saturday,True,Over 9h
1844505072,1,590,961,2016-05-01,9.83,16.02,0.614,Sunday,True,Over 9h
1927972279,3,750,775,2016-04-12,12.5,12.92,0.968,Tuesday,False,Over 9h
1927972279,1,398,422,2016-04-13,6.63,7.03,0.943,Wednesday,False,6-9h (recommended)
1927972279,2,475,499,2016-04-15,7.92,8.32,0.952,Friday,False,6-9h (recommended)
1927972279,1,296,315,2016-04-26,4.93,5.25,0.94,Tuesday,False,Under 6h
1927972279,1,166,178,2016-04-28,2.77,2.97,0.933,Thursday,False,Under 6h
2026352035,1,503,546,2016-04-12,8.38,9.1,0.921,Tuesday,False,6-9h (recommended)
2026352035,1,531,565,2016-04-13,8.85,9.42,0.94,Wednesday,False,6-9h (recommended)
2026352035,1,545,568,2016-04-14,9.08,9.47,0.96,Thursday,False,Over 9h
2026352035,1,523,573,2016-04-15,8.72,9.55,0.913,Friday,False,6-9h (recommended)
2026352035,1,524,567,2016-04-16,8.73,9.45,0.924,Saturday,True,6-9h (recommended)
2026352035,1,437,498,2016-04-17,7.28,8.3,0.878,Sunday,True,6-9h (recommended)
2026352035,1,498,540,2016-04-19,8.3,9.0,0.922,Tuesday,False,6-9h (recommended)
2026352035,1,461,510,2016-04-20,7.68,8.5,0.904,Wednesday,False,6-9h (recommended)
2026352035,1,477,514,2016-04-21,7.95,8.57,0.928,Thursday,False,6-9h (recommended)
2026352035,1,520,545,2016-04-22,8.67,9.08,0.954,Friday,False,6-9h (recommended)
2026352035,1,522,554,2016-04-23,8.7,9.23,0.942,Saturday,True,6-9h (recommended)
2026352035,1,555,591,2016-04-24,9.25,9.85,0.939,Sunday,True,Over 9h
2026352035,1,506,531,2016-04-25,8.43,8.85,0.953,Monday,False,6-9h (recommended)
2026352035,1,508,545,2016-04-27,8.47,9.08,0.932,Wednesday,False,6-9h (recommended)
2026352035,1,513,545,2016-04-28,8.55,9.08,0.941,Thursday,False,6-9h (recommended)
2026352035,1,490,510,2016-04-29,8.17,8.5,0.961,Friday,False,6-9h (recommended)
2026352035,1,573,607,2016-04-30,9.55,10.12,0.944,Saturday,True,Over 9h
2026352035,1,527,546,2016-05-01,8.78,9.1,0.965,Sunday,True,6-9h (recommended)
2026352035,1,511,543,2016-05-02,8.52,9.05,0.941,Monday,False,6-9h (recommended)
2026352035,1,538,560,2016-05-04,8.97,9.33,0.961,Wednesday,False,6-9h (recommended)
2026352035,1,468,485,2016-05-05,7.8,8.08,0.965,Thursday,False,6-9h (recommended)
2026352035,1,524,548,2016-05-06,8.73,9.13,0.956,Friday,False,6-9h (recommended)
2026352035,1,511,521,2016-05-07,8.52,8.68,0.981,Saturday,True,6-9h (recommended)
2026352035,1,541,568,2016-05-08,9.02,9.47,0.952,Sunday,True,Over 9h
2026352035,1,531,556,2016-05-09,8.85,9.27,0.955,Monday,False,6-9h (recommended)
2026352035,1,357,380,2016-05-10,5.95,6.33,0.939,Tuesday,False,Under 6h
2026352035,1,523,553,2016-05-11,8.72,9.22,0.946,Wednesday,False,6-9h (recommended)
2026352035,1,456,485,2016-05-12,7.6,8.08,0.94,Thursday,False,6-9h (recommended)
2320127002,1,61,69,2016-04-23,1.02,1.15,0.884,Saturday,True,Under 6h
2347167796,1,467,531,2016-04-13,7.78,8.85,0.879,Wednesday,False,6-9h (recommended)
2347167796,1,445,489,2016-04-14,7.42,8.15,0.91,Thursday,False,6-9h (recommended)
2347167796,1,452,504,2016-04-15,7.53,8.4,0.897,Friday,False,6-9h (recommended)
2347167796,1,556,602,2016-04-17,9.27,10.03,0.924,Sunday,True,Over 9h
2347167796,1,500,557,2016-04-18,8.33,9.28,0.898,Monday,False,6-9h (recommended)
2347167796,1,465,514,2016-04-19,7.75,8.57,0.905,Tuesday,False,6-9h (recommended)
2347167796,1,460,484,2016-04-21,7.67,8.07,0.95,Thursday,False,6-9h (recommended)
2347167796,1,405,461,2016-04-22,6.75,7.68,0.879,Friday,False,6-9h (recommended)
2347167796,1,374,386,2016-04-23,6.23,6.43,0.969,Saturday,True,6-9h (recommended)
2347167796,1,442,459,2016-04-24,7.37,7.65,0.963,Sunday,True,6-9h (recommended)
2347167796,1,433,471,2016-04-25,7.22,7.85,0.919,Monday,False,6-9h (recommended)
2347167796,1,436,490,2016-04-26,7.27,8.17,0.89,Tuesday,False,6-9h (recommended)
2347167796,1,448,499,2016-04-27,7.47,8.32,0.898,Wednesday,False,6-9h (recommended)
2347167796,1,408,450,2016-04-28,6.8,7.5,0.907,Thursday,False,6-9h (recommended)
2347167796,1,411,473,2016-04-29,6.85,7.88,0.869,Friday,False,6-9h (recommended)
3977333714,1,274,469,2016-04-12,4.57,7.82,0.584,Tuesday,False,Under 6h
3977333714,2,295,456,2016-04-13,4.92,7.6,0.647,Wednesday,False,Under 6h
3977333714,1,291,397,2016-04-14,4.85,6.62,0.733,Thursday,False,Under 6h
3977333714,1,424,556,2016-04-15,7.07,9.27,0.763,Friday,False,6-9h (recommended)
3977333714,1,283,510,2016-04-16,4.72,8.5,0.555,Saturday,True,Under 6h
3977333714,1,381,566,2016-04-17,6.35,9.43,0.673,Sunday,True,6-9h (recommended)
3977333714,2,412,522,2016-04-18,6.87,8.7,0.789,Monday,False,6-9h (recommended)
3977333714,1,219,395,2016-04-19,3.65,6.58,0.554,Tuesday,False,Under 6h
3977333714,2,152,305,2016-04-20,2.53,5.08,0.498,Wednesday,False,Under 6h
3977333714,1,332,512,2016-04-21,5.53,8.53,0.648,Thursday,False,Under 6h
3977333714,1,355,476,2016-04-22,5.92,7.93,0.746,Friday,False,Under 6h
3977333714,1,235,372,2016-04-23,3.92,6.2,0.632,Saturday,True,Under 6h
3977333714,1,310,526,2016-04-24,5.17,8.77,0.589,Sunday,True,Under 6h
3977333714,1,262,467,2016-04-25,4.37,7.78,0.561,Monday,False,Under 6h
3977333714,1,250,371,2016-04-26,4.17,6.18,0.674,Tuesday,False,Under 6h
3977333714,1,349,540,2016-04-27,5.82,9.0,0.646,Wednesday,False,Under 6h
3977333714,1,261,423,2016-04-28,4.35,7.05,0.617,Thursday,False,Under 6h
3977333714,1,333,478,2016-04-29,5.55,7.97,0.697,Friday,False,Under 6h
3977333714,1,237,382,2016-04-30,3.95,6.37,0.62,Saturday,True,Under 6h
3977333714,1,383,626,2016-05-01,6.38,10.43,0.612,Sunday,True,6-9h (recommended)
3977333714,1,230,384,2016-05-02,3.83,6.4,0.599,Monday,False,Under 6h
3977333714,1,292,500,2016-05-03,4.87,8.33,0.584,Tuesday,False,Under 6h
3977333714,1,213,336,2016-05-04,3.55,5.6,0.634,Wednesday,False,Under 6h
3977333714,1,318,480,2016-05-05,5.3,8.0,0.662,Thursday,False,Under 6h
3977333714,1,323,512,2016-05-06,5.38,8.53,0.631,Friday,False,Under 6h
3977333714,1,237,443,2016-05-07,3.95,7.38,0.535,Saturday,True,Under 6h
3977333714,2,259,456,2016-05-08,4.32,7.6,0.568,Sunday,True,Under 6h
3977333714,1,312,452,2016-05-10,5.2,7.53,0.69,Tuesday,False,Under 6h
4020332650,1,501,541,2016-04-12,8.35,9.02,0.926,Tuesday,False,6-9h (recommended)
4020332650,1,77,77,2016-04-16,1.28,1.28,1.0,Saturday,True,Under 6h
4020332650,1,322,332,2016-05-03,5.37,5.53,0.97,Tuesday,False,Under 6h
4020332650,1,478,536,2016-05-04,7.97,8.93,0.892,Wednesday,False,6-9h (recommended)
4020332650,1,226,248,2016-05-05,3.77,4.13,0.911,Thursday,False,Under 6h
4020332650,1,385,408,2016-05-06,6.42,6.8,0.944,Friday,False,6-9h (recommended)
4020332650,1,364,402,2016-05-08,6.07,6.7,0.905,Sunday,True,6-9h (recommended)
4020332650,1,442,494,2016-05-10,7.37,8.23,0.895,Tuesday,False,6-9h (recommended)
4319703577,1,535,557,2016-04-14,8.92,9.28,0.961,Thursday,False,6-9h (recommended)
4319703577,1,465,491,2016-04-15,7.75,8.18,0.947,Friday,False,6-9h (recommended)
4319703577,1,506,522,2016-04-16,8.43,8.7,0.969,Saturday,True,6-9h (recommended)
4319703577,1,515,551,2016-04-18,8.58,9.18,0.935,Monday,False,6-9h (recommended)
4319703577,2,461,498,2016-04-19,7.68,8.3,0.926,Tuesday,False,6-9h (recommended)
4319703577,1,523,543,2016-04-20,8.72,9.05,0.963,Wednesday,False,6-9h (recommended)
4319703577,1,59,65,2016-04-21,0.98,1.08,0.908,Thursday,False,Under 6h
4319703577,1,533,550,2016-04-22,8.88,9.17,0.969,Friday,False,6-9h (recommended)
4319703577,1,692,722,2016-04-23,11.53,12.03,0.958,Saturday,True,Over 9h
4319703577,1,467,501,2016-04-24,7.78,8.35,0.932,Sunday,True,6-9h (recommended)
4319703577,1,488,506,2016-04-25,8.13,8.43,0.964,Monday,False,6-9h (recommended)
4319703577,1,505,516,2016-04-26,8.42,8.6,0.979,Tuesday,False,6-9h (recommended)
4319703577,1,286,307,2016-04-27,4.77,5.12,0.932,Wednesday,False,Under 6h
4319703577,1,497,522,2016-04-28,8.28,8.7,0.952,Thursday,False,6-9h (recommended)
4319703577,1,523,546,2016-04-29,8.72,9.1,0.958,Friday,False,6-9h (recommended)
4319703577,1,490,516,2016-04-30,8.17,8.6,0.95,Saturday,True,6-9h (recommended)
4319703577,1,484,500,2016-05-01,8.07,8.33,0.968,Sunday,True,6-9h (recommended)
4319703577,1,478,506,2016-05-02,7.97,8.43,0.945,Monday,False,6-9h (recommended)
4319703577,1,474,512,2016-05-03,7.9,8.53,0.926,Tuesday,False,6-9h (recommended)
4319703577,1,450,491,2016-05-06,7.5,8.18,0.916,Friday,False,6-9h (recommended)
4319703577,1,507,530,2016-05-07,8.45,8.83,0.957,Saturday,True,6-9h (recommended)
4319703577,1,602,638,2016-05-08,10.03,10.63,0.944,Sunday,True,Over 9h
4319703577,1,535,565,2016-05-09,8.92,9.42,0.947,Monday,False,6-9h (recommended)
4319703577,1,487,517,2016-05-10,8.12,8.62,0.942,Tuesday,False,6-9h (recommended)
4319703577,1,529,558,2016-05-11,8.82,9.3,0.948,Wednesday,False,6-9h (recommended)
4319703577,1,302,321,2016-05-12,5.03,5.35,0.941,Thursday,False,Under 6h
4388161847,1,499,526,2016-04-15,8.32,8.77,0.949,Friday,False,6-9h (recommended)
4388161847,2,426,448,2016-04-16,7.1,7.47,0.951,Saturday,True,6-9h (recommended)
4388161847,2,619,641,2016-04-17,10.32,10.68,0.966,Sunday,True,Over 9h
4388161847,1,99,104,2016-04-18,1.65,1.73,0.952,Monday,False,Under 6h
4388161847,1,329,338,2016-04-19,5.48,5.63,0.973,Tuesday,False,Under 6h
4388161847,1,421,451,2016-04-20,7.02,7.52,0.933,Wednesday,False,6-9h (recommended)
4388161847,1,442,458,2016-04-21,7.37,7.63,0.965,Thursday,False,6-9h (recommended)
4388161847,1,82,85,2016-04-22,1.37,1.42,0.965,Friday,False,Under 6h
4388161847,1,478,501,2016-04-23,7.97,8.35,0.954,Saturday,True,6-9h (recommended)
4388161847,3,552,595,2016-04-24,9.2,9.92,0.928,Sunday,True,Over 9h
4388161847,1,319,346,2016-04-26,5.32,5.77,0.922,Tuesday,False,Under 6h
4388161847,1,439,500,2016-04-27,7.32,8.33,0.878,Wednesday,False,6-9h (recommended)
4388161847,1,428,458,2016-04-28,7.13,7.63,0.934,Thursday,False,6-9h (recommended)
4388161847,2,409,430,2016-04-30,6.82,7.17,0.951,Saturday,True,6-9h (recommended)
4388161847,1,547,597,2016-05-01,9.12,9.95,0.916,Sunday,True,Over 9h
4388161847,2,368,376,2016-05-02,6.13,6.27,0.979,Monday,False,6-9h (recommended)
4388161847,1,390,414,2016-05-04,6.5,6.9,0.942,Wednesday,False,6-9h (recommended)
4388161847,1,471,495,2016-05-05,7.85,8.25,0.952,Thursday,False,6-9h (recommended)
4388161847,1,472,496,2016-05-07,7.87,8.27,0.952,Saturday,True,6-9h (recommended)
4388161847,2,529,541,2016-05-08,8.82,9.02,0.978,Sunday,True,6-9h (recommended)
4388161847,1,62,65,2016-05-09,1.03,1.08,0.954,Monday,False,Under 6h
4388161847,1,354,375,2016-05-10,5.9,6.25,0.944,Tuesday,False,Under 6h
4388161847,1,469,494,2016-05-11,7.82,8.23,0.949,Wednesday,False,6-9h (recommended)
4445114986,2,429,457,2016-04-12,7.15,7.62,0.939,Tuesday,False,6-9h (recommended)
4445114986,2,370,406,2016-04-13,6.17,6.77,0.911,Wednesday,False,6-9h (recommended)
4445114986,1,441,492,2016-04-14,7.35,8.2,0.896,Thursday,False,6-9h (recommended)
4445114986,2,337,379,2016-04-15,5.62,6.32,0.889,Friday,False,Under 6h
4445114986,1,462,499,2016-04-16,7.7,8.32,0.926,Saturday,True,6-9h (recommended)
4445114986,1,98,107,2016-04-17,1.63,1.78,0.916,Sunday,True,Under 6h
4445114986,2,388,424,2016-04-19,6.47,7.07,0.915,Tuesday,False,6-9h (recommended)
4445114986,1,439,462,2016-04-20,7.32,7.7,0.95,Wednesday,False,6-9h (recommended)
4445114986,1,436,469,2016-04-21,7.27,7.82,0.93,Thursday,False,6-9h (recommended)
4445114986,1,388,417,2016-04-22,6.47,6.95,0.93,Friday,False,6-9h (recommended)
4445114986,1,328,345,2016-04-25,5.47,5.75,0.951,Monday,False,Under 6h
4445114986,2,353,391,2016-04-26,5.88,6.52,0.903,Tuesday,False,Under 6h
4445114986,1,332,374,2016-04-27,5.53,6.23,0.888,Wednesday,False,Under 6h
4445114986,1,419,442,2016-04-28,6.98,7.37,0.948,Thursday,False,6-9h (recommended)
4445114986,1,106,108,2016-04-29,1.77,1.8,0.981,Friday,False,Under 6h
4445114986,1,322,353,2016-04-30,5.37,5.88,0.912,Saturday,True,Under 6h
4445114986,2,439,459,2016-05-01,7.32,7.65,0.956,Sunday,True,6-9h (recommended)
4445114986,1,502,542,2016-05-02,8.37,9.03,0.926,Monday,False,6-9h (recommended)
4445114986,2,417,450,2016-05-03,6.95,7.5,0.927,Tuesday,False,6-9h (recommended)
4445114986,2,337,363,2016-05-04,5.62,6.05,0.928,Wednesday,False,Under 6h
4445114986,2,462,513,2016-05-05,7.7,8.55,0.901,Thursday,False,6-9h (recommended)
4445114986,2,374,402,2016-05-06,6.23,6.7,0.93,Friday,False,6-9h (recommended)
4445114986,2,401,436,2016-05-07,6.68,7.27,0.92,Saturday,True,6-9h (recommended)
4445114986,1,361,391,2016-05-08,6.02,6.52,0.923,Sunday,True,6-9h (recommended)
4445114986,1,457,533,2016-05-09,7.62,8.88,0.857,Monday,False,6-9h (recommended)
4445114986,1,405,426,2016-05-10,6.75,7.1,0.951,Tuesday,False,6-9h (recommended)
4445114986,1,499,530,2016-05-11,8.32,8.83,0.942,Wednesday,False,6-9h (recommended)
4445114986,1,483,501,2016-05-12,8.05,8.35,0.964,Thursday,False,6-9h (recommended)
4558609924,1,126,137,2016-04-21,2.1,2.28,0.92,Thursday,False,Under 6h
4558609924,1,103,121,2016-04-26,1.72,2.02,0.851,Tuesday,False,Under 6h
4558609924,1,171,179,2016-04-29,2.85,2.98,0.955,Friday,False,Under 6h
4558609924,1,115,129,2016-05-01,1.92,2.15,0.891,Sunday,True,Under 6h
4558609924,1,123,134,2016-05-08,2.05,2.23,0.918,Sunday,True,Under 6h
4702921684,1,425,439,2016-04-12,7.08,7.32,0.968,Tuesday,False,6-9h (recommended)
4702921684,2,400,430,2016-04-13,6.67,7.17,0.93,Wednesday,False,6-9h (recommended)
4702921684,1,384,415,2016-04-14,6.4,6.92,0.925,Thursday,False,6-9h (recommended)
4702921684,1,253,257,2016-04-15,4.22,4.28,0.984,Friday,False,Under 6h
4702921684,2,382,406,2016-04-16,6.37,6.77,0.941,Saturday,True,6-9h (recommended)
4702921684,1,591,612,2016-04-17,9.85,10.2,0.966,Sunday,True,Over 9h
4702921684,1,293,312,2016-04-18,4.88,5.2,0.939,Monday,False,Under 6h
4702921684,1,457,487,2016-04-19,7.62,8.12,0.938,Tuesday,False,6-9h (recommended)
4702921684,1,454,468,2016-04-20,7.57,7.8,0.97,Wednesday,False,6-9h (recommended)
4702921684,1,425,434,2016-04-21,7.08,7.23,0.979,Thursday,False,6-9h (recommended)
4702921684,1,465,475,2016-04-23,7.75,7.92,0.979,Saturday,True,6-9h (recommended)
4702921684,1,480,506,2016-04-24,8.0,8.43,0.949,Sunday,True,6-9h (recommended)
4702921684,1,370,380,2016-04-25,6.17,6.33,0.974,Monday,False,6-9h (recommended)
4702921684,1,421,429,2016-04-26,7.02,7.15,0.981,Tuesday,False,6-9h (recommended)
4702921684,1,432,449,2016-04-27,7.2,7.48,0.962,Wednesday,False,6-9h (recommended)
4702921684,1,442,461,2016-04-28,7.37,7.68,0.959,Thursday,False,6-9h (recommended)
4702921684,1,433,447,2016-04-29,7.22,7.45,0.969,Friday,False,6-9h (recommended)
4702921684,1,479,501,2016-04-30,7.98,8.35,0.956,Saturday,True,6-9h (recommended)
4702921684,1,327,373,2016-05-03,5.45,6.22,0.877,Tuesday,False,Under 6h
4702921684,1,412,434,2016-05-04,6.87,7.23,0.949,Wednesday,False,6-9h (recommended)
4702921684,1,414,428,2016-05-05,6.9,7.13,0.967,Thursday,False,6-9h (recommended)
4702921684,1,404,449,2016-05-06,6.73,7.48,0.9,Friday,False,6-9h (recommended)
4702921684,1,520,543,2016-05-07,8.67,9.05,0.958,Saturday,True,6-9h (recommended)
4702921684,1,435,458,2016-05-09,7.25,7.63,0.95,Monday,False,6-9h (recommended)
4702921684,1,416,431,2016-05-10,6.93,7.18,0.965,Tuesday,False,6-9h (recommended)
4702921684,1,354,366,2016-05-11,5.9,6.1,0.967,Wednesday,False,Under 6h
4702921684,1,404,442,2016-05-12,6.73,7.37,0.914,Thursday,False,6-9h (recommended)
5553957443,1,441,464,2016-04-12,7.35,7.73,0.95,Tuesday,False,6-9h (recommended)
5553957443,2,455,488,2016-04-13,7.58,8.13,0.932,Wednesday,False,6-9h (recommended)
5553957443,1,357,418,2016-04-14,5.95,6.97,0.854,Thursday,False,Under 6h
5553957443,1,377,409,2016-04-15,6.28,6.82,0.922,Friday,False,6-9h (recommended)
5553957443,2,651,686,2016-04-16,10.85,11.43,0.949,Saturday,True,Over 9h
5553957443,1,350,402,2016-04-17,5.83,6.7,0.871,Sunday,True,Under 6h
5553957443,2,520,541,2016-04-18,8.67,9.02,0.961,Monday,False,6-9h (recommended)
5553957443,1,357,410,2016-04-19,5.95,6.83,0.871,Tuesday,False,Under 6h
5553957443,1,658,678,2016-04-20,10.97,11.3,0.971,Wednesday,False,Over 9h
5553957443,1,399,431,2016-04-21,6.65,7.18,0.926,Thursday,False,6-9h (recommended)
5553957443,1,322,353,2016-04-22,5.37,5.88,0.912,Friday,False,Under 6h
5553957443,2,631,725,2016-04-23,10.52,12.08,0.87,Saturday,True,Over 9h
5553957443,2,553,640,2016-04-24,9.22,10.67,0.864,Sunday,True,Over 9h
5553957443,1,433,468,2016-04-25,7.22,7.8,0.925,Monday,False,6-9h (recommended)
5553957443,1,412,453,2016-04-26,6.87,7.55,0.909,Tuesday,False,6-9h (recommended)
5553957443,1,347,391,2016-04-27,5.78,6.52,0.887,Wednesday,False,Under 6h
5553957443,1,421,457,2016-04-28,7.02,7.62,0.921,Thursday,False,6-9h (recommended)
5553957443,1,450,495,2016-04-29,7.5,8.25,0.909,Friday,False,6-9h (recommended)
5553957443,2,775,843,2016-04-30,12.92,14.05,0.919,Saturday,True,Over 9h
5553957443,2,622,686,2016-05-01,10.37,11.43,0.907,Sunday,True,Over 9h
5553957443,1,409,471,2016-05-02,6.82,7.85,0.868,Monday,False,6-9h (recommended)
5553957443,1,380,429,2016-05-03,6.33,7.15,0.886,Tuesday,False,6-9h (recommended)
5553957443,1,447,470,2016-05-04,7.45,7.83,0.951,Wednesday,False,6-9h (recommended)
5553957443,1,419,464,2016-05-05,6.98,7.73,0.903,Thursday,False,6-9h (recommended)
5553957443,1,400,434,2016-05-06,6.67,7.23,0.922,Friday,False,6-9h (recommended)
5553957443,1,442,470,2016-05-07,7.37,7.83,0.94,Saturday,True,6-9h (recommended)
5553957443,1,568,608,2016-05-08,9.47,10.13,0.934,Sunday,True,Over 9h
5553957443,1,453,494,2016-05-09,7.55,8.23,0.917,Monday,False,6-9h (recommended)
5553957443,1,418,443,2016-05-10,6.97,7.38,0.944,Tuesday,False,6-9h (recommended)
5553957443,1,463,486,2016-05-11,7.72,8.1,0.953,Wednesday,False,6-9h (recommended)
5553957443,1,438,475,2016-05-12,7.3,7.92,0.922,Thursday,False,6-9h (recommended)
5577150313,1,419,438,2016-04-12,6.98,7.3,0.957,Tuesday,False,6-9h (recommended)
5577150313,1,432,458,2016-04-13,7.2,7.63,0.943,Wednesday,False,6-9h (recommended)
5577150313,1,477,497,2016-04-14,7.95,8.28,0.96,Thursday,False,6-9h (recommended)
5577150313,1,392,413,2016-04-15,6.53,6.88,0.949,Friday,False,6-9h (recommended)
5577150313,1,406,445,2016-04-16,6.77,7.42,0.912,Saturday,True,6-9h (recommended)
5577150313,1,549,583,2016-04-17,9.15,9.72,0.942,Sunday,True,Over 9h
5577150313,1,527,553,2016-04-18,8.78,9.22,0.953,Monday,False,6-9h (recommended)
5577150313,1,449,465,2016-04-19,7.48,7.75,0.966,Tuesday,False,6-9h (recommended)
5577150313,1,447,480,2016-04-20,7.45,8.0,0.931,Wednesday,False,6-9h (recommended)
5577150313,1,414,437,2016-04-21,6.9,7.28,0.947,Thursday,False,6-9h (recommended)
5577150313,1,338,366,2016-04-22,5.63,6.1,0.923,Friday,False,Under 6h
5577150313,1,384,402,2016-04-23,6.4,6.7,0.955,Saturday,True,6-9h (recommended)
5577150313,1,543,615,2016-04-24,9.05,10.25,0.883,Sunday,True,Over 9h
5577150313,1,421,461,2016-04-25,7.02,7.68,0.913,Monday,False,6-9h (recommended)
5577150313,1,354,377,2016-04-26,5.9,6.28,0.939,Tuesday,False,Under 6h
5577150313,1,424,452,2016-04-27,7.07,7.53,0.938,Wednesday,False,6-9h (recommended)
5577150313,1,361,372,2016-04-28,6.02,6.2,0.97,Thursday,False,6-9h (recommended)
5577150313,1,459,485,2016-04-29,7.65,8.08,0.946,Friday,False,6-9h (recommended)
5577150313,1,412,433,2016-04-30,6.87,7.22,0.952,Saturday,True,6-9h (recommended)
5577150313,1,379,398,2016-05-01,6.32,6.63,0.952,Sunday,True,6-9h (recommended)
5577150313,2,525,553,2016-05-02,8.75,9.22,0.949,Monday,False,6-9h (recommended)
5577150313,1,508,543,2016-05-03,8.47,9.05,0.936,Tuesday,False,6-9h (recommended)
5577150313,1,603,634,2016-05-04,10.05,10.57,0.951,Wednesday,False,Over 9h
5577150313,1,74,78,2016-05-05,1.23,1.3,0.949,Thursday,False,Under 6h
5577150313,1,504,562,2016-05-10,8.4,9.37,0.897,Tuesday,False,6-9h (recommended)
5577150313,1,431,476,2016-05-11,7.18,7.93,0.905,Wednesday,False,6-9h (recommended)
6117666160,1,380,398,2016-04-16,6.33,6.63,0.955,Saturday,True,6-9h (recommended)
6117666160,2,336,350,2016-04-17,5.6,5.83,0.96,Sunday,True,Under 6h
6117666160,2,493,510,2016-04-18,8.22,8.5,0.967,Monday,False,6-9h (recommended)
6117666160,1,465,492,2016-04-19,7.75,8.2,0.945,Tuesday,False,6-9h (recommended)
6117666160,1,474,502,2016-04-20,7.9,8.37,0.944,Wednesday,False,6-9h (recommended)
6117666160,1,508,550,2016-04-21,8.47,9.17,0.924,Thursday,False,6-9h (recommended)
6117666160,1,480,546,2016-04-22,8.0,9.1,0.879,Friday,False,6-9h (recommended)
6117666160,1,492,539,2016-04-23,8.2,8.98,0.913,Saturday,True,6-9h (recommended)
6117666160,1,353,367,2016-04-24,5.88,6.12,0.962,Sunday,True,Under 6h
6117666160,1,542,557,2016-04-27,9.03,9.28,0.973,Wednesday,False,Over 9h
6117666160,1,393,416,2016-04-28,6.55,6.93,0.945,Thursday,False,6-9h (recommended)
6117666160,1,600,636,2016-04-29,10.0,10.6,0.943,Friday,False,Over 9h
6117666160,1,507,575,2016-05-01,8.45,9.58,0.882,Sunday,True,6-9h (recommended)
6117666160,1,392,415,2016-05-05,6.53,6.92,0.945,Thursday,False,6-9h (recommended)
6117666160,2,658,698,2016-05-06,10.97,11.63,0.943,Friday,False,Over 9h
6117666160,2,498,507,2016-05-07,8.3,8.45,0.982,Saturday,True,6-9h (recommended)
6117666160,1,555,603,2016-05-08,9.25,10.05,0.92,Sunday,True,Over 9h
6117666160,1,492,522,2016-05-09,8.2,8.7,0.943,Monday,False,6-9h (recommended)
6775888955,1,235,260,2016-04-13,3.92,4.33,0.904,Wednesday,False,Under 6h
6775888955,1,423,441,2016-04-14,7.05,7.35,0.959,Thursday,False,6-9h (recommended)
6775888955,1,391,406,2016-04-15,6.52,6.77,0.963,Friday,False,6-9h (recommended)
6962181067,1,366,387,2016-04-12,6.1,6.45,0.946,Tuesday,False,6-9h (recommended)
6962181067,3,630,679,2016-04-13,10.5,11.32,0.928,Wednesday,False,Over 9h
6962181067,2,508,535,2016-04-14,8.47,8.92,0.95,Thursday,False,6-9h (recommended)
6962181067,1,370,386,2016-04-15,6.17,6.43,0.959,Friday,False,6-9h (recommended)
6962181067,1,357,366,2016-04-16,5.95,6.1,0.975,Saturday,True,Under 6h
6962181067,1,427,446,2016-04-17,7.12,7.43,0.957,Sunday,True,6-9h (recommended)
6962181067,1,442,458,2016-04-18,7.37,7.63,0.965,Monday,False,6-9h (recommended)
6962181067,1,476,535,2016-04-19,7.93,8.92,0.89,Tuesday,False,6-9h (recommended)
6962181067,1,418,424,2016-04-20,6.97,7.07,0.986,Wednesday,False,6-9h (recommended)
6962181067,1,451,457,2016-04-21,7.52,7.62,0.987,Thursday,False,6-9h (recommended)
6962181067,1,425,435,2016-04-22,7.08,7.25,0.977,Friday,False,6-9h (recommended)
6962181067,1,528,546,2016-04-23,8.8,9.1,0.967,Saturday,True,6-9h (recommended)
6962181067,1,511,514,2016-04-24,8.52,8.57,0.994,Sunday,True,6-9h (recommended)
6962181067,1,400,415,2016-04-25,6.67,6.92,0.964,Monday,False,6-9h (recommended)
6962181067,1,441,446,2016-04-26,7.35,7.43,0.989,Tuesday,False,6-9h (recommended)
6962181067,1,455,467,2016-04-27,7.58,7.78,0.974,Wednesday,False,6-9h (recommended)
6962181067,1,440,453,2016-04-28,7.33,7.55,0.971,Thursday,False,6-9h (recommended)
6962181067,1,433,447,2016-04-29,7.22,7.45,0.969,Friday,False,6-9h (recommended)
6962181067,1,422,424,2016-04-30,7.03,7.07,0.995,Saturday,True,6-9h (recommended)
6962181067,1,411,426,2016-05-01,6.85,7.1,0.965,Sunday,True,6-9h (recommended)
6962181067,1,466,482,2016-05-02,7.77,8.03,0.967,Monday,False,6-9h (recommended)
6962181067,1,394,418,2016-05-03,6.57,6.97,0.943,Tuesday,False,6-9h (recommended)
6962181067,1,442,455,2016-05-04,7.37,7.58,0.971,Wednesday,False,6-9h (recommended)
6962181067,1,467,491,2016-05-05,7.78,8.18,0.951,Thursday,False,6-9h (recommended)
6962181067,1,443,462,2016-05-06,7.38,7.7,0.959,Friday,False,6-9h (recommended)
6962181067,1,298,334,2016-05-07,4.97,5.57,0.892,Saturday,True,Under 6h
6962181067,1,541,569,2016-05-08,9.02,9.48,0.951,Sunday,True,Over 9h
6962181067,1,489,497,2016-05-09,8.15,8.28,0.984,Monday,False,6-9h (recommended)
6962181067,1,469,481,2016-05-10,7.82,8.02,0.975,Tuesday,False,6-9h (recommended)
6962181067,1,452,480,2016-05-11,7.53,8.0,0.942,Wednesday,False,6-9h (recommended)
6962181067,1,516,535,2016-05-12,8.6,8.92,0.964,Thursday,False,6-9h (recommended)
7007744171,1,79,82,2016-04-16,1.32,1.37,0.963,Saturday,True,Under 6h
7007744171,1,58,61,2016-05-01,0.97,1.02,0.951,Sunday,True,Under 6h
7086361926,1,514,525,2016-04-12,8.57,8.75,0.979,Tuesday,False,6-9h (recommended)
7086361926,1,451,465,2016-04-13,7.52,7.75,0.97,Wednesday,False,6-9h (recommended)
7086361926,1,472,476,2016-04-14,7.87,7.93,0.992,Thursday,False,6-9h (recommended)
7086361926,1,377,386,2016-04-15,6.28,6.43,0.977,Friday,False,6-9h (recommended)
7086361926,1,472,483,2016-04-19,7.87,8.05,0.977,Tuesday,False,6-9h (recommended)
7086361926,1,492,502,2016-04-20,8.2,8.37,0.98,Wednesday,False,6-9h (recommended)
7086361926,1,390,411,2016-04-21,6.5,6.85,0.949,Thursday,False,6-9h (recommended)
7086361926,1,428,448,2016-04-22,7.13,7.47,0.955,Friday,False,6-9h (recommended)
7086361926,1,681,704,2016-04-24,11.35,11.73,0.967,Sunday,True,Over 9h
7086361926,1,446,447,2016-04-25,7.43,7.45,0.998,Monday,False,6-9h (recommended)
7086361926,1,485,500,2016-04-26,8.08,8.33,0.97,Tuesday,False,6-9h (recommended)
7086361926,1,469,479,2016-04-27,7.82,7.98,0.979,Wednesday,False,6-9h (recommended)
7086361926,1,354,367,2016-04-28,5.9,6.12,0.965,Thursday,False,Under 6h
7086361926,1,485,489,2016-04-30,8.08,8.15,0.992,Saturday,True,6-9h (recommended)
7086361926,1,388,407,2016-05-01,6.47,6.78,0.953,Sunday,True,6-9h (recommended)
7086361926,1,440,459,2016-05-02,7.33,7.65,0.959,Monday,False,6-9h (recommended)
7086361926,1,456,461,2016-05-03,7.6,7.68,0.989,Tuesday,False,6-9h (recommended)
7086361926,1,420,436,2016-05-04,7.0,7.27,0.963,Wednesday,False,6-9h (recommended)
7086361926,1,322,333,2016-05-06,5.37,5.55,0.967,Friday,False,Under 6h
7086361926,1,530,548,2016-05-07,8.83,9.13,0.967,Saturday,True,6-9h (recommended)
7086361926,1,481,510,2016-05-08,8.02,8.5,0.943,Sunday,True,6-9h (recommended)
7086361926,1,427,438,2016-05-09,7.12,7.3,0.975,Monday,False,6-9h (recommended)
7086361926,1,451,463,2016-05-11,7.52,7.72,0.974,Wednesday,False,6-9h (recommended)
7086361926,1,444,457,2016-05-12,7.4,7.62,0.972,Thursday,False,6-9h (recommended)
8053475328,1,486,493,2016-04-20,8.1,8.22,0.986,Wednesday,False,6-9h (recommended)
8053475328,1,331,337,2016-04-23,5.52,5.62,0.982,Saturday,True,Under 6h
8053475328,1,74,75,2016-05-07,1.23,1.25,0.987,Saturday,True,Under 6h
8378563200,1,338,356,2016-04-12,5.63,5.93,0.949,Tuesday,False,Under 6h
8378563200,2,447,487,2016-04-13,7.45,8.12,0.918,Wednesday,False,6-9h (recommended)
8378563200,1,424,455,2016-04-14,7.07,7.58,0.932,Thursday,False,6-9h (recommended)
8378563200,1,513,533,2016-04-15,8.55,8.88,0.962,Friday,False,6-9h (recommended)
8378563200,2,611,689,2016-04-16,10.18,11.48,0.887,Saturday,True,Over 9h
8378563200,2,525,591,2016-04-17,8.75,9.85,0.888,Sunday,True,6-9h (recommended)
8378563200,1,398,451,2016-04-18,6.63,7.52,0.882,Monday,False,6-9h (recommended)
8378563200,1,387,421,2016-04-19,6.45,7.02,0.919,Tuesday,False,6-9h (recommended)
8378563200,1,381,409,2016-04-20,6.35,6.82,0.932,Wednesday,False,6-9h (recommended)
8378563200,1,396,417,2016-04-21,6.6,6.95,0.95,Thursday,False,6-9h (recommended)
8378563200,1,441,469,2016-04-22,7.35,7.82,0.94,Friday,False,6-9h (recommended)
8378563200,1,565,591,2016-04-23,9.42,9.85,0.956,Saturday,True,Over 9h
8378563200,1,458,492,2016-04-24,7.63,8.2,0.931,Sunday,True,6-9h (recommended)
8378563200,1,388,402,2016-04-25,6.47,6.7,0.965,Monday,False,6-9h (recommended)
8378563200,1,550,584,2016-04-26,9.17,9.73,0.942,Tuesday,False,Over 9h
8378563200,1,531,600,2016-04-27,8.85,10.0,0.885,Wednesday,False,6-9h (recommended)
8378563200,1,506,556,2016-04-28,8.43,9.27,0.91,Thursday,False,6-9h (recommended)
8378563200,1,527,562,2016-04-29,8.78,9.37,0.938,Friday,False,6-9h (recommended)
8378563200,1,468,555,2016-04-30,7.8,9.25,0.843,Saturday,True,6-9h (recommended)
8378563200,1,475,539,2016-05-01,7.92,8.98,0.881,Sunday,True,6-9h (recommended)
8378563200,1,351,385,2016-05-02,5.85,6.42,0.912,Monday,False,Under 6h
8378563200,1,405,429,2016-05-03,6.75,7.15,0.944,Tuesday,False,6-9h (recommended)
8378563200,1,441,477,2016-05-04,7.35,7.95,0.925,Wednesday,False,6-9h (recommended)
8378563200,1,381,417,2016-05-05,6.35,6.95,0.914,Thursday,False,6-9h (recommended)
8378563200,1,323,355,2016-05-06,5.38,5.92,0.91,Friday,False,Under 6h
8378563200,2,459,513,2016-05-07,7.65,8.55,0.895,Saturday,True,6-9h (recommended)
8378563200,1,545,606,2016-05-08,9.08,10.1,0.899,Sunday,True,Over 9h
8378563200,1,359,399,2016-05-09,5.98,6.65,0.9,Monday,False,Under 6h
8378563200,1,342,391,2016-05-10,5.7,6.52,0.875,Tuesday,False,Under 6h
8378563200,1,368,387,2016-05-11,6.13,6.45,0.951,Wednesday,False,6-9h (recommended)
8378563200,1,496,546,2016-05-12,8.27,9.1,0.908,Thursday,False,6-9h (recommended)
8792009665,1,458,493,2016-04-12,7.63,8.22,0.929,Tuesday,False,6-9h (recommended)
8792009665,1,531,552,2016-04-13,8.85,9.2,0.962,Wednesday,False,6-9h (recommended)
8792009665,1,486,503,2016-04-14,8.1,8.38,0.966,Thursday,False,6-9h (recommended)
8792009665,1,363,377,2016-04-15,6.05,6.28,0.963,Friday,False,6-9h (recommended)
8792009665,1,528,547,2016-04-20,8.8,9.12,0.965,Wednesday,False,6-9h (recommended)
8792009665,1,391,407,2016-04-22,6.52,6.78,0.961,Friday,False,6-9h (recommended)
8792009665,1,339,360,2016-04-23,5.65,6.0,0.942,Saturday,True,Under 6h
8792009665,1,423,428,2016-04-27,7.05,7.13,0.988,Wednesday,False,6-9h (recommended)
8792009665,1,402,416,2016-04-28,6.7,6.93,0.966,Thursday,False,6-9h (recommended)
8792009665,1,398,406,2016-04-29,6.63,6.77,0.98,Friday,False,6-9h (recommended)
8792009665,1,343,360,2016-04-30,5.72,6.0,0.953,Saturday,True,Under 6h
8792009665,1,503,527,2016-05-01,8.38,8.78,0.954,Sunday,True,6-9h (recommended)
8792009665,1,415,423,2016-05-02,6.92,7.05,0.981,Monday,False,6-9h (recommended)
8792009665,1,516,545,2016-05-03,8.6,9.08,0.947,Tuesday,False,6-9h (recommended)
8792009665,1,439,463,2016-05-04,7.32,7.72,0.948,Wednesday,False,6-9h (recommended)
